{"cameraMode":{"drawMode":0,"name":"Shaded","section":"Shading Mode"},"sceneLighting":false,"audioPlay":false,"sceneViewState":{"m_AlwaysRefresh":false,"showFog":true,"showSkybox":false,"showFlares":true,"showImageEffects":true,"showParticleSystems":true,"showVisualEffectGraphs":true,"m_FxEnabled":true},"in2DMode":false,"pivot":{"x":-33.51374816894531,"y":64.45233917236328,"z":24.203962326049806},"rotation":{"x":-0.18339963257312776,"y":0.05843931809067726,"z":-0.011061780154705048,"w":-0.9811054468154907},"size":1.5969178676605225,"orthographic":false}