{"cameraMode":{"drawMode":0,"name":"Shaded","section":"Shading Mode"},"sceneLighting":true,"audioPlay":false,"sceneViewState":{"m_AlwaysRefresh":false,"showFog":true,"showSkybox":true,"showFlares":true,"showImageEffects":true,"showParticleSystems":true,"showVisualEffectGraphs":true,"m_FxEnabled":true},"in2DMode":false,"pivot":{"x":4.3841400146484379,"y":48.49808883666992,"z":49.23048782348633},"rotation":{"x":-0.028873467817902566,"y":0.8442116379737854,"z":-0.045960910618305209,"w":-0.5331676602363586},"size":20.22369956970215,"orthographic":false}