{"cameraMode":{"drawMode":0,"name":"Shaded","section":"Shading Mode"},"sceneLighting":true,"audioPlay":false,"sceneViewState":{"m_AlwaysRefresh":false,"showFog":true,"showSkybox":true,"showFlares":true,"showImageEffects":true,"showParticleSystems":true,"showVisualEffectGraphs":true,"m_FxEnabled":true},"in2DMode":false,"pivot":{"x":377.9718017578125,"y":130.1743621826172,"z":-128.77420043945313},"rotation":{"x":-0.025798030197620393,"y":0.014503897167742253,"z":-0.00045643243356607854,"w":-0.9994499683380127},"size":103.0776596069336,"orthographic":false}