{"cameraMode":{"drawMode":0,"name":"Shaded","section":"Shading Mode"},"sceneLighting":true,"audioPlay":false,"sceneViewState":{"m_AlwaysRefresh":false,"showFog":true,"showSkybox":true,"showFlares":true,"showImageEffects":true,"showParticleSystems":true,"showVisualEffectGraphs":true,"m_FxEnabled":true},"in2DMode":false,"pivot":{"x":44.365928649902347,"y":54.196903228759769,"z":69.84013366699219},"rotation":{"x":0.06366906315088272,"y":0.6305155754089356,"z":0.051826588809490207,"w":-0.7717496752738953},"size":0.09433900564908982,"orthographic":false}