{"cameraMode":{"drawMode":0,"name":"Shaded","section":"Shading Mode"},"sceneLighting":true,"audioPlay":false,"sceneViewState":{"m_AlwaysRefresh":false,"showFog":true,"showSkybox":true,"showFlares":true,"showImageEffects":true,"showParticleSystems":true,"showVisualEffectGraphs":true,"m_FxEnabled":true},"in2DMode":false,"pivot":{"x":6.778216361999512,"y":1.3135002851486207,"z":0.021085143089294435},"rotation":{"x":0.10439533740282059,"y":-0.5552070140838623,"z":0.07049687206745148,"w":0.8220752477645874},"size":2.4768874645233156,"orthographic":false}