{"cameraMode":{"drawMode":0,"name":"Shaded","section":"Shading Mode"},"sceneLighting":true,"audioPlay":false,"sceneViewState":{"m_AlwaysRefresh":false,"showFog":true,"showSkybox":true,"showFlares":true,"showImageEffects":true,"showParticleSystems":true,"showVisualEffectGraphs":true,"m_FxEnabled":true},"in2DMode":false,"pivot":{"x":1.585870385169983,"y":-1.2989623546600342,"z":15.932914733886719},"rotation":{"x":0.15705780684947968,"y":-0.13875573873519898,"z":0.02228323370218277,"w":0.9775049090385437},"size":12.12435531616211,"orthographic":false}