{"cameraMode":{"drawMode":0,"name":"Shaded","section":"Shading Mode"},"sceneLighting":true,"audioPlay":false,"sceneViewState":{"m_AlwaysRefresh":false,"showFog":true,"showSkybox":true,"showFlares":true,"showImageEffects":true,"showParticleSystems":true,"showVisualEffectGraphs":true,"m_FxEnabled":true},"in2DMode":false,"pivot":{"x":0.04816535860300064,"y":-13.622058868408204,"z":12.260004997253418},"rotation":{"x":0.41486412286758425,"y":0.004090858623385429,"z":-0.0018620443297550083,"w":0.9098449349403381},"size":27.826236724853517,"orthographic":false}