{"cameraMode":{"drawMode":0,"name":"Shaded","section":"Shading Mode"},"sceneLighting":false,"audioPlay":false,"sceneViewState":{"m_AlwaysRefresh":false,"showFog":true,"showSkybox":false,"showFlares":true,"showImageEffects":true,"showParticleSystems":true,"showVisualEffectGraphs":true,"m_FxEnabled":true},"in2DMode":false,"pivot":{"x":0.00881211832165718,"y":-0.14078453183174134,"z":-0.18738247454166413},"rotation":{"x":0.27612677216529848,"y":-0.08061660081148148,"z":0.02322084829211235,"w":0.9573283791542053},"size":0.5094518065452576,"orthographic":false}